Nr;Column;Row
1;0;0
2;1;0
3;2;0
4;3;0
5;4;0
6;5;0
7;6;0
8;7;0
9;8;0
10;9;0
11;10;0
12;11;0
13;12;0
14;13;0
15;14;0
16;15;0
17;16;0
18;17;0
19;18;0
20;19;0
21;20;0
22;21;0
23;22;0
24;23;0
25;24;0
26;25;0
27;26;0
28;27;0
29;28;0
30;29;0
31;30;0
32;31;0
33;32;0
34;33;0
35;34;0
36;35;0
37;36;0
38;37;0
39;38;0
40;39;0
41;40;0
42;41;0
43;42;0
44;43;0
45;44;0
46;45;0
47;46;0
48;47;0
49;48;0
50;49;0
51;50;0
52;51;0
53;52;0
54;53;0
55;54;0
56;55;0
57;56;0
58;57;0
59;58;0
60;59;0
61;60;0
62;61;0
63;62;0
64;63;17193
65;64;17193
66;65;17193
67;66;17193
68;67;17193
69;68;17193
70;69;17193
71;70;17193
72;71;17193
73;72;17193
74;73;17193
75;74;17193
76;75;17193
77;76;17193
78;77;17193
79;78;17193
80;79;17193
81;80;17193
82;81;17193
83;82;17193
84;83;17193
85;84;17193
86;85;17193
87;86;17193
88;87;17193
89;88;17193
90;89;17193
91;90;17193
92;91;17193
93;92;17193
94;93;17193
95;94;17193
96;95;17193
97;96;17193
98;97;17193
99;98;17193
100;99;17193
101;100;17193
102;101;17193
103;102;17193
104;103;17193
105;104;17193
106;105;17193
107;106;17193
108;107;17193
109;108;17193
110;109;17193
111;110;17193
112;111;17193
113;112;17193
114;113;17193
115;114;17193
116;115;17193
117;116;17193
118;117;17193
119;118;17193
120;119;17193
121;120;17193
122;121;17193
123;122;17193
124;123;17193
125;124;17193
126;125;17193
127;126;17193
128;127;17193
129;128;0
130;129;0
131;130;0
132;131;0
133;132;0
134;133;0
135;134;0
136;135;0
137;136;0
138;137;0
139;138;0
140;139;0
141;140;0
142;141;0
143;142;0
144;143;0
145;144;0
146;145;0
147;146;0
148;147;0
149;148;0
150;149;0
151;150;0
152;151;0
153;152;0
154;153;0
155;154;0
156;155;0
157;156;0
158;157;0
159;158;0
160;159;0
161;160;0
162;161;0
163;162;0
164;163;0
165;164;0
166;165;0
167;166;0
168;167;0
169;168;0
170;169;0
171;170;0
172;171;0
173;172;0
174;173;0
175;174;0
176;175;0
177;176;0
178;177;0
179;178;0
180;179;0
181;180;0
182;181;0
183;182;0
184;183;0
185;184;0
186;185;0
187;186;0
188;187;0
189;188;0
190;189;0
191;190;0
192;191;0
193;192;0
194;193;0
195;194;0
196;195;0
197;196;0
198;197;0
199;198;0
200;199;0
201;200;0
202;201;0
203;202;0
204;203;0
205;204;0
206;205;0
207;206;0
208;207;0
209;208;0
210;209;0
211;210;0
212;211;0
213;212;0
214;213;0
215;214;0
216;215;0
217;216;0
218;217;0
219;218;0
220;219;0
221;220;0
222;221;0
223;222;0
224;223;0
225;224;0
226;225;0
227;226;0
228;227;0
229;228;0
230;229;0
231;230;0
232;231;0
233;232;0
234;233;0
235;234;0
236;235;0
237;236;0
238;237;0
239;238;0
240;239;0
241;240;0
242;241;0
243;242;0
244;243;0
245;244;0
246;245;0
247;246;0
248;247;0
249;248;0
250;249;0
251;250;0
252;251;0
253;252;0
254;253;0
255;254;0
256;255;0
257;256;0
258;257;0
259;258;0
260;259;0
261;260;0
262;261;0
263;262;0
264;263;0
265;264;0
266;265;0
267;266;0
268;267;0
269;268;0
270;269;0
271;270;0
272;271;0
273;272;0
274;273;0
275;274;0
276;275;0
277;276;0
278;277;0
279;278;0
280;279;0
281;280;0
282;281;0
283;282;0
284;283;0
285;284;0
286;285;0
287;286;0
288;287;0
289;288;0
290;289;0
291;290;0
292;291;0
293;292;0
294;293;0
295;294;0
296;295;0
297;296;0
298;297;0
299;298;0
300;299;0
301;300;0
302;301;0
303;302;0
304;303;0
305;304;0
306;305;0
307;306;0
308;307;0
309;308;0
310;309;0
311;310;0
312;311;0
313;312;0
314;313;0
315;314;0
316;315;0
317;316;0
318;317;0
319;318;0
320;319;0
321;320;0
322;321;0
323;322;0
324;323;0
325;324;0
326;325;0
327;326;0
328;327;0
329;328;0
330;329;0
331;330;0
332;331;0
333;332;0
334;333;0
335;334;0
336;335;0
337;336;0
338;337;0
339;338;0
340;339;0
341;340;0
342;341;0
343;342;0
344;343;0
345;344;0
346;345;0
347;346;0
348;347;0
349;348;0
350;349;0
351;350;0
352;351;0
353;352;0
354;353;0
355;354;0
356;355;0
357;356;0
358;357;0
359;358;0
360;359;0
361;360;0
362;361;0
363;362;0
364;363;0
365;364;0
366;365;0
367;366;0
368;367;0
369;368;0
370;369;0
371;370;0
372;371;0
373;372;0
374;373;0
375;374;0
376;375;0
377;376;0
378;377;0
379;378;0
380;379;0
381;380;0
382;381;0
383;382;0
384;383;0
385;384;0
386;385;0
387;386;0
388;387;0
389;388;0
390;389;0
391;390;0
392;391;0
393;392;0
394;393;0
395;394;0
396;395;0
397;396;0
398;397;0
399;398;0
400;399;0
401;400;0
402;401;0
403;402;0
404;403;0
405;404;0
406;405;0
407;406;0
408;407;0
409;408;0
410;409;0
411;410;0
412;411;0
413;412;0
414;413;0
415;414;0
416;415;0
417;416;0
418;417;0
419;418;0
420;419;0
421;420;0
422;421;0
423;422;0
424;423;0
425;424;0
426;425;0
427;426;0
428;427;0
429;428;0
430;429;0
431;430;0
432;431;0
433;432;0
434;433;0
435;434;0
436;435;0
437;436;0
438;437;0
439;438;0
440;439;0
441;440;0
442;441;0
443;442;0
444;443;0
445;444;0
446;445;0
447;446;0
448;447;0
449;448;0
450;449;0
451;450;0
452;451;0
453;452;0
454;453;0
455;454;0
456;455;0
457;456;0
458;457;0
459;458;0
460;459;0
461;460;0
462;461;0
463;462;0
464;463;0
465;464;0
466;465;0
467;466;0
468;467;0
469;468;0
470;469;0
471;470;0
472;471;0
473;472;0
474;473;0
475;474;0
476;475;0
477;476;0
478;477;0
479;478;0
480;479;0
481;480;0
482;481;0
483;482;0
484;483;0
485;484;0
486;485;0
487;486;0
488;487;0
489;488;0
490;489;0
491;490;0
492;491;0
493;492;0
494;493;0
495;494;0
496;495;0
497;496;0
498;497;0
499;498;0
500;499;0
501;500;0
502;501;0
503;502;0
504;503;0
505;504;0
506;505;0
507;506;0
508;507;0
509;508;0
510;509;0
511;510;0
512;511;0
513;512;0
514;513;0
515;514;0
516;515;0
517;516;0
518;517;0
519;518;0
520;519;0
521;520;0
522;521;0
523;522;0
524;523;0
525;524;0
526;525;0
527;526;0
528;527;0
529;528;0
530;529;0
531;530;0
532;531;0
533;532;0
534;533;0
535;534;0
536;535;0
537;536;0
538;537;0
539;538;0
540;539;0
541;540;0
542;541;0
543;542;0
544;543;0
545;544;0
546;545;0
547;546;0
548;547;0
549;548;0
550;549;0
551;550;0
552;551;0
553;552;0
554;553;0
555;554;0
556;555;0
557;556;0
558;557;0
559;558;0
560;559;0
561;560;0
562;561;0
563;562;0
564;563;0
565;564;0
566;565;0
567;566;0
568;567;0
569;568;0
570;569;0
571;570;0
572;571;0
573;572;0
574;573;0
575;574;0
576;575;0
577;576;0
578;577;0
579;578;0
580;579;0
581;580;0
582;581;0
583;582;0
584;583;0
585;584;0
586;585;0
587;586;0
588;587;0
589;588;0
590;589;0
591;590;0
592;591;0
593;592;0
594;593;0
595;594;0
596;595;0
597;596;0
598;597;0
599;598;0
600;599;0
601;600;0
602;601;0
603;602;0
604;603;0
605;604;0
606;605;0
607;606;0
608;607;0
609;608;0
610;609;0
611;610;0
612;611;0
613;612;0
614;613;0
615;614;0
616;615;0
617;616;0
618;617;0
619;618;0
620;619;0
621;620;0
622;621;0
623;622;0
624;623;0
625;624;0
626;625;0
627;626;0
628;627;0
629;628;0
630;629;0
631;630;0
632;631;0
633;632;0
634;633;0
635;634;0
636;635;0
637;636;0
638;637;0
639;638;0
640;639;0
641;640;0
642;641;0
643;642;0
644;643;0
645;644;0
646;645;0
647;646;0
648;647;0
649;648;0
650;649;0
651;650;0
652;651;0
653;652;0
654;653;0
655;654;0
656;655;0
657;656;0
658;657;0
659;658;0
660;659;0
661;660;0
662;661;0
663;662;0
664;663;0
665;664;0
666;665;0
667;666;0
668;667;0
669;668;0
670;669;0
671;670;0
672;671;0
673;672;0
674;673;0
675;674;0
676;675;0
677;676;0
678;677;0
679;678;0
680;679;0
681;680;0
682;681;0
683;682;0
684;683;0
685;684;0
686;685;0
687;686;0
688;687;0
689;688;0
690;689;0
691;690;0
692;691;0
693;692;0
694;693;0
695;694;0
696;695;0
697;696;0
698;697;0
699;698;0
700;699;0
701;700;0
702;701;0
703;702;0
704;703;0
705;704;0
706;705;0
707;706;0
708;707;0
709;708;0
710;709;0
711;710;0
712;711;0
713;712;0
714;713;0
715;714;0
716;715;0
717;716;0
718;717;0
719;718;0
720;719;0
721;720;0
722;721;0
723;722;0
724;723;0
725;724;0
726;725;0
727;726;0
728;727;0
729;728;0
730;729;0
731;730;0
732;731;0
733;732;0
734;733;0
735;734;0
736;735;0
737;736;0
738;737;0
739;738;0
740;739;0
741;740;0
742;741;0
743;742;0
744;743;0
745;744;0
746;745;0
747;746;0
748;747;0
749;748;0
750;749;0
751;750;0
752;751;0
753;752;0
754;753;0
755;754;0
756;755;0
757;756;0
758;757;0
759;758;0
760;759;0
761;760;0
762;761;0
763;762;0
764;763;0
765;764;0
766;765;0
767;766;0
768;767;0
769;768;0
770;769;0
771;770;0
772;771;0
773;772;0
774;773;0
775;774;0
776;775;0
777;776;0
778;777;0
779;778;0
780;779;0
781;780;0
782;781;0
783;782;0
784;783;0
785;784;0
786;785;0
787;786;0
788;787;0
789;788;0
790;789;0
791;790;0
792;791;0
793;792;0
794;793;0
795;794;0
796;795;0
797;796;0
798;797;0
799;798;0
800;799;0
801;800;0
802;801;0
803;802;0
804;803;0
805;804;0
806;805;0
807;806;0
808;807;0
809;808;0
810;809;0
811;810;0
812;811;0
813;812;0
814;813;0
815;814;0
816;815;0
817;816;0
818;817;0
819;818;0
820;819;0
821;820;0
822;821;0
823;822;0
824;823;0
825;824;0
826;825;0
827;826;0
828;827;0
829;828;0
830;829;0
831;830;0
832;831;0
833;832;0
834;833;0
835;834;0
836;835;0
837;836;0
838;837;0
839;838;0
840;839;0
841;840;0
842;841;0
843;842;0
844;843;0
845;844;0
846;845;0
847;846;0
848;847;0
849;848;0
850;849;0
851;850;0
852;851;0
853;852;0
854;853;0
855;854;0
856;855;0
857;856;0
858;857;0
859;858;0
860;859;0
861;860;0
862;861;0
863;862;0
864;863;0
865;864;0
866;865;0
867;866;0
868;867;0
869;868;0
870;869;0
871;870;0
872;871;0
873;872;0
874;873;0
875;874;0
876;875;0
877;876;0
878;877;0
879;878;0
880;879;0
881;880;0
882;881;0
883;882;0
884;883;0
885;884;0
886;885;0
887;886;0
888;887;0
889;888;0
890;889;0
891;890;0
892;891;0
893;892;0
894;893;0
895;894;0
896;895;0
897;896;0
898;897;0
899;898;0
900;899;0
901;900;0
902;901;0
903;902;0
904;903;0
905;904;0
906;905;0
907;906;0
908;907;0
909;908;0
910;909;0
911;910;0
912;911;0
913;912;0
914;913;0
915;914;0
916;915;0
917;916;0
918;917;0
919;918;0
920;919;0
921;920;0
922;921;0
923;922;0
924;923;0
925;924;0
926;925;0
927;926;0
928;927;0
929;928;0
930;929;0
931;930;0
932;931;0
933;932;0
934;933;0
935;934;0
936;935;0
937;936;0
938;937;0
939;938;0
940;939;0
941;940;0
942;941;0
943;942;0
944;943;0
945;944;0
946;945;0
947;946;0
948;947;0
949;948;0
950;949;0
951;950;0
952;951;0
953;952;0
954;953;0
955;954;0
956;955;0
957;956;0
958;957;0
959;958;0
960;959;0
961;960;0
962;961;0
963;962;0
964;963;0
965;964;0
966;965;0
967;966;0
968;967;0
969;968;0
970;969;0
971;970;0
972;971;0
973;972;0
974;973;0
975;974;0
976;975;0
977;976;0
978;977;0
979;978;0
980;979;0
981;980;0
982;981;0
983;982;0
984;983;0
985;984;0
986;985;0
987;986;0
988;987;0
989;988;0
990;989;0
991;990;0
992;991;0
993;992;0
994;993;0
995;994;0
996;995;0
997;996;0
998;997;0
999;998;0
1000;999;0
1001;1000;0
1002;1001;0
1003;1002;0
1004;1003;0
1005;1004;0
1006;1005;0
1007;1006;0
1008;1007;0
1009;1008;0
1010;1009;0
1011;1010;0
1012;1011;0
1013;1012;0
1014;1013;0
1015;1014;0
1016;1015;0
1017;1016;0
1018;1017;0
1019;1018;0
1020;1019;0
1021;1020;0
1022;1021;0
1023;1022;0
1024;1023;0
